Generation,Current Best Fitness,Overall Best Fitness
1,170.22321428571428,170.22321428571428
1,135.22321428571428,170.22321428571428
1,169.50892857142856,170.22321428571428
