Generation,Current Best Fitness,Overall Best Fitness
1,189.50892857142856,189.50892857142856
1,190.9375,189.50892857142856
1,198.79464285714283,189.50892857142856
