Generation,Current Best Fitness,Overall Best Fitness
1,42.937500000000014,42.937500000000014
1,44.65178571428573,42.937500000000014
1,64.9375,42.937500000000014
